year,date posted,latitude,longitude
2019,4/25/19,45.5864296,-95.9144516
2019,4/25/19,44.43825912,-93.58512878
2019,4/25/19,45.39237976,-93.36888885
2019,4/18/19,45.75130844,-93.64987183
2019,4/25/19,44.82112122,-93.30554199
2019,4/25/19,44.82112122,-93.30554199
2019,4/18/19,44.5435791,-93.57678986
2019,4/18/19,45.06489182,-93.91281891
2019,4/18/19,44.76594162,-93.27497101
2019,4/18/19,44.29468918,-93.27539063
2019,4/25/19,44.97901917,-93.26493835
2019,4/8/19,45.08533096,-93.26325989
2019,4/8/19,44.82112122,-93.30554199
2019,3/29/19,44.65768051,-93.24272919
2019,3/29/19,45.5864296,-95.9144516
2019,3/29/19,45.4930191,-93.25791931
2019,3/21/19,44.16740036,-94.00241089
2019,3/21/19,44.5435791,-93.57678986
2019,3/14/19,48.0596199,-92.83061218
2019,3/14/19,45.39643097,-92.9832077
2019,3/14/19,44.56658173,-92.53434753
2019,2/22/19,44.81858826,-93.16716003
2019,2/27/19,46.71429825,-92.4804306
2019,1/17/19,46.71429825,-92.4804306
2019,1/17/19,44.76594162,-93.27497101
2018,1/4/19,44.9484787,-93.34339142
2018,1/4/19,44.9484787,-93.34339142
2018,1/4/19,44.9484787,-93.34339142
2018,12/14/18,45.51144028,-92.97989655
2018,12/14/18,44.65768051,-93.24272919
2018,1/11/19,44.79808044,-93.5266571
2018,11/24/18,45.8280983,-92.97045135
2018,10/25/18,44.78718948,-93.6018219
2018,9/27/18,47.8053093,-92.27542877
2018,9/27/18,44.65768051,-93.24272919
2018,9/13/18,46.4265213,-95.55612183
2018,9/13/18,47.93037033,-97.02410889
2018,9/13/18,44.09337997,-93.22937775
2018,9/13/18,44.94338989,-93.09648132
2018,8/31/18,44.9484787,-93.34339142
2018,8/17/18,44.41629028,-94.93019867
2018,8/17/18,44.01932144,-92.45941925
2018,8/17/18,44.94005966,-93.4673233
2018,8/17/18,44.97901917,-93.26493835
2018,8/10/18,46.13803864,-93.4728775
2018,8/10/18,46.7773819,-96.65057373
2018,7/19/18,44.82112122,-93.30554199
2018,7/13/18,45.10889053,-93.34723663
2018,7/13/18,43.76638031,-94.16577148
2018,7/13/18,45.16601181,-93.2087326
2018,7/13/18,47.42105103,-92.94174194
2018,7/13/18,44.7422905,-92.85186005
2018,7/5/18,45.02172852,-93.1492691
2018,7/5/18,45.17309189,-93.30439758
2018,6/21/18,46.35316086,-94.20069122
2018,4/18/19,44.83366013,-92.95297241
2018,5/31/18,44.82112122,-93.30554199
2018,5/31/18,46.3493576,-94.19837189
2018,5/10/18,45.33644867,-92.9986496
2018,5/10/18,45.44332886,-93.592453
2018,5/4/18,44.97901917,-93.26493835
2018,4/5/18,47.41616058,-91.24622345
2018,3/29/18,44.65768051,-93.24272919
2018,3/23/18,45.62368011,-94.20345306
2018,2/22/18,44.7648201,-93.35546112
2018,2/22/18,44.82112122,-93.30554199
2018,2/22/18,45.03636932,-93.3850174
2018,2/16/18,47.57640839,-95.75228882
2018,2/16/18,45.56586075,-94.1975174
2018,2/16/18,45.56586075,-94.1975174
2018,2/16/18,45.73128128,-94.47142792
2018,1/25/18,44.94338989,-93.09648132
2018,1/25/18,44.94338989,-93.09648132
2018,1/25/18,45.57265091,-93.22445679
2018,1/18/18,45.13388824,-94.93073273
2018,1/18/18,45.16601181,-93.2087326
2017,12/21/17,44.9066391,-94.19622803
2017,1/18/18,44.85866165,-93.46012878
2017,12/21/17,43.98574829,-92.60613251
2017,12/14/17,44.01932144,-92.45941925
2017,12/4/17,44.01932144,-92.45941925
2017,12/4/17,45.30570984,-93.572052
2017,12/4/17,43.98574829,-92.60613251
2017,11/9/17,44.79808044,-93.5266571
2017,11/3/17,46.66931152,-94.10925293
2017,10/19/17,45.01881027,-93.47579956
2017,10/5/17,44.79808044,-93.5266571
2017,1/18/18,44.27204132,-92.9881897
2017,9/28/17,45.16601181,-93.2087326
2017,9/28/17,44.89173889,-93.03717804
2017,9/21/17,44.97261047,-92.96414185
2017,9/21/17,45.97718048,-94.3707962
2017,11/22/17,44.0683403,-92.75528717
2017,9/8/17,45.06465912,-93.07202911
2017,9/5/17,47.74713135,-93.65502167
2017,8/24/17,46.35316086,-94.20069122
2017,8/11/17,45.13106155,-94.52742767
2017,8/11/17,45.07917023,-93.1581192
2017,8/11/17,44.73918915,-93.12429047
2017,9/21/17,48.21800995,-96.40606689
2017,9/21/17,48.21800995,-96.40606689
2017,8/4/17,45.10803986,-93.54299927
2017,8/4/17,44.86320114,-93.53791046
2017,8/4/17,45.24822998,-93.41641998
2017,7/27/17,47.75040817,-90.33506775
2017,7/27/17,43.809021,-91.75318146
2017,7/23/17,44.89054871,-94.36921692
2017,7/23/17,44.65768051,-93.24272919
2017,7/23/17,46.35316086,-94.20069122
2017,7/14/17,45.06465912,-93.07202911
2017,7/7/17,44.38100052,-92.03462219
2017,7/7/17,44.7648201,-93.35559082
2017,7/7/17,45.28210831,-92.98413849
2017,7/7/17,43.76248932,-94.7147522
2017,7/7/17,46.78796005,-92.09985352
2017,7/7/17,45.57265091,-93.22445679
2017,7/7/17,44.79808044,-93.5266571
2017,7/7/17,44.97901917,-93.26493835
2017,7/7/17,45.01881027,-93.47579956
2017,6/22/17,44.94338989,-93.09648132
2017,6/15/17,44.94005966,-93.4673233
2017,6/9/17,45.30570984,-93.572052
2017,6/2/17,44.32675934,-93.95774841
2017,6/2/17,45.07917023,-93.1581192
2017,6/2/17,45.32928848,-93.31681824
2017,6/2/17,44.79808044,-93.5266571
2017,5/15/17,44.97306061,-92.8133316
2017,5/15/17,45.44332886,-93.592453
2017,5/11/17,45.10889053,-93.34723663
2017,5/11/17,44.97901917,-93.26493835
2017,5/11/17,47.42105103,-92.94174194
2017,5/6/17,44.85866165,-93.46012878
2017,5/6/17,44.97901917,-93.26493835
2017,5/6/17,44.91167831,-93.34844208
2017,5/6/17,44.85866165,-93.46012878
2017,5/6/17,44.90282059,-93.56864166
2017,4/28/17,45.02172852,-93.1492691
2017,4/13/17,45.97718048,-94.3707962
2017,4/13/17,47.96796036,-92.80734253
2017,4/7/17,44.73918915,-93.12429047
2017,3/10/17,46.92919922,-92.91470337
2017,3/10/17,46.71429825,-92.4804306
2017,2/22/17,45.39643097,-92.9832077
2017,2/22/17,44.94338989,-93.09648132
2017,3/10/17,44.74362183,-93.21759033
2017,2/22/17,46.34935379,-94.19837952
2017,2/17/17,44.94338989,-93.09648132
2017,2/17/17,45.95090866,-93.07306671
2017,7/23/17,45.19832993,-93.38996887
2017,2/10/17,44.8180809,-93.16716003
2017,2/10/17,44.97901917,-93.26493835
2017,2/10/17,44.44900894,-95.79167175
2017,2/10/17,47.26420975,-93.62335205
2017,1/26/17,44.97172928,-93.31407166
2017,1/19/17,44.97901917,-93.26493835
2017,1/19/17,46.09046173,-94.50164795
2017,1/19/17,45.30570984,-93.572052
2017,1/12/17,44.38100052,-92.03462219
2017,1/12/17,45.17309189,-93.30439758
2016,12/4/17,45.06324005,-93.19312286
2016,10/19/17,45.06324005,-93.19312286
2016,12/30/16,47.33274078,-93.7921524
2016,12/15/16,44.85866165,-93.46012878
2016,12/5/16,45.59101105,-94.16755676
2016,12/5/16,44.53514099,-95.11083984
2016,12/5/16,45.16601181,-93.2087326
2016,3/10/17,44.97901917,-93.26493835
2016,12/5/16,45.09830856,-93.44204712
2016,12/5/16,44.09337997,-93.22937775
2016,11/11/16,44.88592911,-94.03883362
2016,10/27/16,44.89054871,-94.36921692
2016,10/27/16,45.05670166,-92.81056976
2016,10/21/16,44.94338989,-93.09648132
2016,11/11/16,44.97261047,-92.96414185
2016,10/11/16,46.84468842,-92.44930267
2016,10/11/16,44.17002869,-94.01490784
2016,10/11/16,44.97901917,-93.26493835
2016,9/30/16,44.7677803,-93.27749634
2016,9/9/16,44.97901917,-93.26493835
2016,9/9/16,44.94338989,-93.09648132
2016,9/9/16,44.10536957,-94.21855927
2016,9/2/16,45.08200836,-93.13426971
2016,8/25/16,47.42105103,-92.94174194
2016,3/10/17,44.20093155,-92.64633179
2016,8/16/16,45.88938904,-95.36634064
2016,8/19/16,44.16740036,-94.00241089
2016,8/16/16,44.67805862,-92.7647171
2016,8/16/16,47.47314072,-94.8796463
2016,8/16/16,44.94338989,-93.09648132
2016,8/2/16,45.31148911,-94.40947723
2016,8/2/16,45.16601181,-93.2087326
2016,7/22/16,44.7717514,-93.92629242
2016,7/15/16,45.08200836,-93.13426971
2016,7/8/16,47.93037033,-97.02410889
2016,7/8/16,45.05670166,-92.81056976
2016,7/8/16,45.25070953,-93.2348938
2016,7/8/16,44.97901917,-93.26493835
2016,6/22/17,45.69763947,-93.8215332
2016,6/24/16,47.8053093,-92.27542877
2016,6/16/16,45.03636932,-93.3850174
2016,7/8/16,46.92213821,-95.05922699
2016,6/16/16,44.79808044,-93.5266571
2016,6/16/16,46.97389984,-92.21690369
2016,6/1/16,45.13106155,-94.52742767
2016,9/15/16,47.90322113,-91.86325073
2016,6/10/16,45.40211868,-92.65261078
2016,5/26/16,45.33644867,-92.9986496
2016,5/26/16,45.09830856,-93.44204712
2016,5/20/16,44.94834137,-93.30271912
2016,5/6/16,44.92004013,-92.94403076
2016,5/6/16,45.32941818,-93.74694061
2016,5/6/16,44.94338989,-93.09648132
2016,5/6/16,46.70669937,-92.42706299
2016,5/6/16,46.51771927,-95.37336731
2016,4/29/16,44.97261047,-92.96414185
2016,4/29/16,44.97901917,-93.26493835
2016,4/22/16,46.77864838,-92.21163177
2016,4/22/16,46.47558975,-96.28070831
2016,4/15/16,47.75040817,-90.33506775
2016,6/10/16,44.23342896,-95.26229095
2016,4/15/16,47.02571869,-91.66631317
2016,4/15/16,44.23342896,-95.26229095
2016,9/2/16,44.78921127,-95.21243286
2016,4/1/16,44.94338989,-93.09648132
2016,3/24/16,44.97901917,-93.26493835
2016,3/18/16,44.85866165,-93.46012878
2016,3/18/16,44.94338989,-93.09648132
2016,3/11/16,45.97195053,-94.86679077
2016,6/10/16,44.23342896,-95.26229095
2016,3/11/16,44.23342896,-95.26229095
2016,3/4/16,46.28263092,-95.71408081
2016,5/6/16,44.29468918,-93.27539063
2016,2/26/16,43.66987991,-92.08335876
2016,2/26/16,46.70719147,-92.36308289
2016,2/19/16,45.305439,-93.79438019
2016,2/11/16,45.30308151,-94.94087219
2016,2/4/16,44.92240906,-93.41346741
2016,2/11/16,44.99042892,-93.59195709
2016,1/29/16,44.65768051,-93.24272919
2016,1/20/16,45.6643219,-93.90956116
2016,1/8/16,44.92004013,-92.94403076
2016,1/5/16,44.94338989,-93.09648132
2015,1/5/16,44.8180809,-93.16716003
2015,1/5/16,45.16601181,-93.2087326
2015,1/5/16,44.94338989,-93.09648132
2015,12/21/15,44.97901917,-93.26493835
2015,1/5/16,44.94338989,-93.09648132
2015,12/17/15,44.94338989,-93.09648132
2015,12/10/15,45.08533096,-93.26325989
2015,11/26/15,45.06932831,-93.30815887
2015,11/26/15,45.5864296,-95.9144516
2015,11/19/15,46.34935379,-94.19837952
2015,11/19/15,44.92004013,-92.94403076
2015,11/19/15,45.08200836,-93.13426971
2015,11/19/15,44.5435791,-93.57678986
2015,11/19/15,44.91167831,-93.34844208
2015,11/19/15,44.94338989,-93.09648132
2015,12/3/15,44.23342896,-95.26229095
2015,11/6/15,45.56586075,-94.1975174
2015,11/6/15,44.97901917,-93.26493835
2015,11/6/15,45.28985977,-93.61215973
2015,2/4/16,45.08533096,-93.26325989
2015,10/29/15,45.28985977,-93.61215973
2015,10/29/15,45.28210831,-92.98413849
2015,10/29/15,47.29349136,-91.26895905
2015,10/29/15,47.65010834,-90.66676331
2015,10/16/15,44.01932144,-92.45941925
2015,10/9/15,45.02172852,-93.1492691
2015,10/9/15,44.8180809,-93.16716003
2015,10/9/15,45.08200836,-93.13426971
2015,10/9/15,46.74443054,-92.22427368
2015,10/9/15,44.94338989,-93.09648132
2015,10/2/15,45.02080917,-93.07977295
2015,5/6/17,45.18986893,-93.55259705
2015,10/9/15,44.94338989,-93.09648132
2015,10/2/15,44.97901917,-93.26493835
2015,9/29/15,45.25659943,-92.80928802
2015,9/29/15,45.17309189,-93.30439758
2015,9/29/15,45.56586075,-94.1975174
2015,9/25/15,44.09337997,-93.22937775
2015,9/25/15,46.5023613,-92.69277191
2015,9/17/15,44.97901917,-93.26493835
2015,9/17/15,44.71530914,-93.42637634
2015,10/9/15,44.85866165,-93.46012878
2015,9/11/15,44.76594162,-93.27497101
2015,9/11/15,44.76324844,-93.62523651
2015,9/11/15,44.53332138,-94.52658844
2015,9/11/15,44.53332138,-94.52658844
2015,9/11/15,47.61753845,-91.36257935
2015,9/2/15,45.33644867,-92.9986496
2015,8/27/15,46.34935379,-94.19837952
2015,8/27/15,44.73918915,-93.12429047
2015,9/2/15,44.85866165,-93.46012878
2015,8/27/15,44.97901917,-93.26493835
2015,8/27/15,45.10889053,-93.34723663
2015,8/27/15,45.56586075,-94.1975174
2015,8/27/15,45.06465912,-93.07202911
2015,8/27/15,47.16925049,-92.47663879
2015,8/27/15,44.91167831,-93.34844208
2015,1/8/16,44.29468918,-93.27539063
2015,1/5/16,44.29468918,-93.27539063
2015,4/15/16,45.56586075,-94.1975174
2015,8/27/15,45.99388123,-95.97673798
2015,8/27/15,44.66627121,-93.62674713
2015,10/9/15,44.85866165,-93.46012878
2015,9/25/15,44.65768051,-93.24272919
2015,8/13/15,44.7648201,-93.35559082
2015,8/27/15,44.65768051,-93.24272919
2015,8/13/15,44.65768051,-93.24272919
2015,8/27/15,44.97901917,-93.26493835
2015,8/27/15,44.65768051,-93.24272919
2015,8/27/15,44.94005966,-93.4673233
2015,8/27/15,44.79808044,-93.5266571
2015,8/13/15,44.86320114,-93.53791046
2015,8/13/15,44.91167831,-93.34844208
2015,8/13/15,44.94005966,-93.4673233
2015,1/5/16,44.97901917,-93.26493835
2015,8/27/15,44.97901917,-93.26493835
2015,8/27/15,44.71530914,-93.42637634
2015,8/13/15,44.65768051,-93.24272919
2015,8/27/15,44.94005966,-93.4673233
2015,9/17/15,43.8923111,-92.84715271
2015,9/11/15,44.97901917,-93.26493835
2015,8/13/15,46.27862167,-96.0723877
2015,8/13/15,46.57085037,-96.08354187
2015,8/13/15,45.59101105,-94.16755676
2015,8/6/15,45.75226974,-94.2197113
2015,8/13/15,44.01932144,-92.45941925
2015,8/13/15,44.09337997,-93.22937775
2015,8/6/15,44.97901917,-93.26493835
2015,8/6/15,45.16949844,-93.39219666
2015,8/6/15,45.45148087,-94.52146912
2015,8/6/15,44.03038025,-92.85920715
2015,7/31/15,44.94338989,-93.09648132
2015,7/31/15,45.98118973,-94.10497284
2015,7/31/15,44.8180809,-93.16716003
2015,7/31/15,45.16601181,-93.2087326
2015,9/2/15,44.44960022,-93.15376282
2015,8/27/15,44.44960022,-93.15376282
2015,7/10/15,44.03263092,-92.64615631
2015,7/6/15,46.4265213,-95.55612183
2015,7/6/15,45.17309189,-93.30439758
2015,7/10/15,47.47314072,-94.8796463
2015,7/6/15,46.8202095,-94.51596069
2015,7/3/15,47.35828018,-92.36956787
2015,6/24/15,45.03514862,-92.95432281
2015,6/24/15,45.16949844,-93.39219666
2015,6/24/15,44.94005966,-93.4673233
2015,9/22/16,45.50246048,-92.90834808
2015,6/24/15,45.82886124,-93.42510986
2015,6/24/15,44.85866165,-93.46012878
2015,6/19/15,44.71723175,-93.03462219
2015,6/24/15,45.88938904,-95.36634064
2015,7/3/15,48.09999847,-91.62000275
2015,6/15/15,44.65768051,-93.24272919
2015,6/15/15,44.91167831,-93.34844208
2015,6/15/15,44.78718948,-93.6018219
2015,6/5/15,44.16381073,-93.88047791
2015,5/29/15,43.76087189,-93.20307922
2015,6/15/15,44.7648201,-93.35559082
2015,6/5/15,46.35316086,-94.20069122
2015,6/15/15,44.94338989,-93.09648132
2015,5/22/15,44.94338989,-93.09648132
2015,5/29/15,45.08533096,-93.26325989
2015,6/15/15,44.97261047,-92.96414185
2015,5/13/15,46.71429825,-92.4804306
2015,5/13/15,44.97901917,-93.26493835
2015,5/8/15,44.8180809,-93.16716003
2015,5/8/15,44.89173889,-93.03717804
2015,4/30/15,45.17309189,-93.30439758
2015,4/23/15,45.01881027,-93.47579956
2015,4/23/15,48.70729828,-94.72510529
2015,4/17/15,44.65768051,-93.24272919
2015,6/5/15,45.16601181,-93.2087326
2015,4/17/15,44.94338989,-93.09648132
2015,4/17/15,44.94005966,-93.4673233
2015,4/3/15,44.50762939,-92.90573883
2015,3/20/15,45.6847496,-92.96430969
2015,3/20/15,44.63919067,-93.14437866
2015,3/20/15,44.97901917,-93.26493835
2015,3/13/15,45.51144028,-92.97989655
2015,3/13/15,44.97901917,-93.26493835
2015,3/13/15,45.05670166,-92.81056976
2015,3/13/15,45.05670166,-92.81056976
2015,2/6/15,45.30570984,-93.572052
2015,1/30/15,44.46192932,-93.91503143
2015,1/26/15,45.05670166,-92.81056976
2015,1/16/15,46.78796005,-92.09985352
2015,1/26/15,46.75408173,-96.48400879
2015,1/16/15,47.75040817,-90.33506775
2015,1/16/15,46.78796005,-92.09985352
2015,1/16/15,45.73778152,-94.95197296
2015,1/16/15,45.55361176,-94.22531891
2015,1/16/15,46.78796005,-92.09985352
2014,42011,45.41553116,-94.04953003
2014,42011,46.67963028,-92.88346863
2014,42011,45.25070953,-93.2348938
2014,41995,45.16323853,-92.99226379
2014,41991,45.01881027,-93.47579956
2014,41978,44.8180809,-93.16716003
2014,41985,44.94338989,-93.09648132
2014,41978,44.03038025,-92.85920715
2014,42069,43.7638092,-93.32792664
2014,41964,44.65768051,-93.24272919
2014,41957,44.92240906,-93.41346741
2014,41964,44.71530914,-93.42637634
2014,41949,46.92213821,-95.05922699
2014,41949,44.05144119,-91.63851166
2014,41949,44.97901917,-93.26493835
2014,41949,45.06932831,-93.30815887
2014,41949,44.94338989,-93.09648132
2014,41949,45.28210831,-92.98413849
2014,41949,44.76594162,-93.27497101
2014,41949,45.82886124,-93.42510986
2014,41949,47.47314072,-94.8796463
2014,41922,45.16323853,-92.99226379
2014,41922,45.305439,-93.79438019
2014,41915,45.03248978,-93.36009979
2014,41915,44.86320114,-93.53791046
2014,41915,44.04977036,-91.63910675
2014,41915,44.94005966,-93.4673233
2014,41915,44.79808044,-93.5266571
2014,41907,44.50762939,-92.90573883
2014,41915,44.8477211,-93.78916168
2014,41907,44.8180809,-93.16716003
2014,41892,44.0683403,-92.75528717
2014,41892,44.97901917,-93.26493835
2014,41892,45.10889053,-93.34723663
2014,41887,47.52983856,-92.23800659
2014,41887,44.9484787,-93.34339142
2014,41882,44.16740036,-94.00241089
2014,41882,45.62368011,-94.20345306
2014,41880,44.91167831,-93.34844208
2014,41880,44.94338989,-93.09648132
2014,42020,47.52273941,-92.53296661
2014,41873,46.34935379,-94.19837952
2014,42132,46.65335846,-96.42072296
2014,41852,44.63919067,-93.14437866
2014,41852,44.63919067,-93.14437866
2014,41852,47.60054016,-93.77506256
2014,41852,47.60054016,-93.77506256
2014,41852,44.89054871,-94.36921692
2014,41852,44.89054871,-94.36921692
2014,41846,45.10358047,-93.20616913
2014,41846,45.10358047,-93.20616913
2014,41840,45.97718048,-94.3707962
2014,41840,45.97718048,-94.3707962
2014,41840,44.65768051,-93.24272919
2014,41840,44.65768051,-93.24272919
2014,41840,46.66365814,-92.42489624
2014,41840,46.66365814,-92.42489624
2014,41831,45.05670166,-92.81056976
2014,41831,45.05670166,-92.81056976
2014,41831,46.27862167,-96.0723877
2014,41831,46.27862167,-96.0723877
2014,41831,45.10358047,-93.20616913
2014,41831,45.10358047,-93.20616913
2014,41831,45.82886124,-93.42510986
2014,41831,45.82886124,-93.42510986
2014,41831,45.10889053,-93.34723663
2014,41831,45.10889053,-93.34723663
2014,41831,47.29558945,-93.41879272
2014,41831,47.29558945,-93.41879272
2014,42097,44.97901917,-93.26493835
2014,42097,44.97901917,-93.26493835
2014,41840,45.05670166,-92.81056976
2014,41840,45.05670166,-92.81056976
2014,41831,45.28210831,-92.98413849
2014,41831,45.28210831,-92.98413849
2014,41825,44.97901917,-93.26493835
2014,41825,44.97901917,-93.26493835
2014,41825,44.76594162,-93.27497101
2014,41825,44.76594162,-93.27497101
2014,41825,44.94005966,-93.4673233
2014,41825,44.94005966,-93.4673233
2014,41831,45.28985977,-93.61215973
2014,41831,45.28985977,-93.61215973
2014,41824,45.0868187,-93.73554993
2014,41824,45.0868187,-93.73554993
2014,41915,46.5023613,-92.69277191
2014,41915,46.5023613,-92.69277191
2014,41814,44.07804108,-93.5074234
2014,41810,44.17002869,-94.01490784
2014,41814,46.34935379,-94.19837952
2014,41810,44.82112122,-93.30554199
2014,41803,44.8180809,-93.16716003
2014,41803,45.10889053,-93.34723663
2014,41794,45.5283699,-93.36872101
2014,41794,44.92004013,-92.94403076
2014,41794,44.0268898,-92.74825287
2014,41794,45.44483185,-93.99868011
2014,41794,45.38983917,-92.84516144
2014,41794,44.83242035,-93.06269836
2014,41794,44.97261047,-92.96414185
2014,5/8/14,44.6497222,-93.2425
2014,41767,44.65768051,-93.24272919
2014,5/2/14,45.0847222,-93.0097222
2014,4/24/14,46.8202778,-94.5161111
2014,4/18/14,44.9444444,-93.0930556
2014,4/18/14,44.8833333,-93.2827778
2014,4/18/14,45.0608333,-94.0730556
2014,4/11/14,44.7677778,-93.2775
2014,4/11/14,47.3327778,-93.1969444
2014,3/27/14,47.4736111,-94.88
2014,3/27/14,45.5608333,-94.1622222
2014,4/4/14,47.4736111,-94.88
2014,3/21/14,44.7894444,-93.6019444
2014,3/21/14,44.6669444,-93.6266667
2014,3/18/14,47.8525,-92.6894444
2014,3/18/14,44.8480556,-93.0425
2014,3/18/14,44.0216667,-92.4697222
2014,3/18/14,43.6480556,-93.3680556
2014,2/27/14,45.0380556,-93.3863889
2014,2/27/14,44.9133333,-93.5030556
2014,2/14/14,45.0205556,-93.2177778
2014,2/14/14,44.2044444,-93.8152778
2014,2/7/14,44.2238889,-95.3641667
2014,1/16/14,45.57,-93.5813889
2014,1/16/14,45.0061111,-93.1563889
2013,1/10/14,45.3038889,-93.5669444
2013,1/10/14,44.8622222,-93.5305556
2013,1/10/14,44.98,-93.2636111
2013,1/10/14,44.0216667,-92.4697222
2013,1/10/14,44.8877778,-94.3694444
2013,1/10/14,45.0083333,-96.4172222
2013,1/10/14,45.0083333,-96.4172222
2013,1/10/14,44.7319444,-93.2175
2013,1/16/14,44.9444444,-93.0930556
2013,1/10/14,45.0083333,-96.4172222
2013,12/23/13,44.9133333,-93.5030556
2013,12/23/13,45.7344444,-93.7102778
2013,12/23/13,47.4736111,-94.88
2013,12/12/13,47.4736111,-94.88
2013,12/12/13,47.3069444,-92.6030556
2013,12/12/13,45.0761111,-93.3325
2013,12/2/13,44.925,-93.4625
2013,12/2/13,45.0575,-93.0736111
2013,12/2/13,44.0838889,-93.2258333
2013,12/2/13,44.7894444,-93.6019444
2013,11/20/13,44.6402778,-93.1433333
2013,11/20/13,44.7677778,-93.2775
2013,11/20/13,44.7791667,-93.3361111
2013,11/20/13,47.4936111,-92.7777778
2013,11/20/13,47.4936111,-92.7777778
2013,11/11/13,44.8041667,-93.1666667
2013,11/11/13,43.6666667,-92.9744444
2013,11/11/13,46.7833333,-92.1063889
2013,11/11/13,44.98,-93.2636111
2013,11/11/13,44.9444444,-93.0930556
2013,11/11/13,44.9444444,-93.0930556
2013,11/11/13,46.8738889,-96.7672222
2013,11/11/13,44.7791667,-93.3361111
2013,11/11/13,45.8322222,-93.4261111
2013,10/23/13,44.9444444,-93.0930556
2013,10/23/13,46.7833333,-92.1063889
2013,10/23/13,44.9630556,-92.9647222
2013,10/23/13,44.8408333,-93.2980556
2013,10/14/13,44.7791667,-93.3361111
2013,10/14/13,45.5608333,-94.1622222
2013,10/14/13,45.0105556,-93.4552778
2013,10/14/13,45.5608333,-94.1622222
2013,10/3/13,44.8041667,-93.1666667
2013,11/20/13,45.12,-93.2875
2013,9/30/13,45.1608333,-93.2347222
2013,9/30/13,46.1311111,-92.8672222
2013,9/30/13,46.2830556,-96.0772222
2013,2/14/14,44.3236111,-93.9577778
2013,9/9/13,47.3794444,-94.6038889
2013,9/9/13,44.8586111,-93.6613889
2013,9/9/13,44.9238889,-92.9591667
2013,9/9/13,44.8836111,-93.1380556
2013,9/9/13,46.3580556,-94.2005556
2013,9/9/13,45.4902778,-93.2475
2013,8/30/13,45.4541667,-94.5180556
2013,8/30/13,45.1608333,-93.2347222
2013,9/9/13,44.8277778,-92.9436111
2013,8/30/13,45.2461111,-93.4519444
2013,8/30/13,46.7833333,-92.1063889
2013,8/30/13,44.6497222,-93.2425
2013,8/30/13,44.9238889,-92.9591667
2013,8/30/13,44.3044444,-92.7902778
2013,2/7/14,47.7505556,-90.3341667
2013,8/30/13,45.1505556,-94.6827778
2013,8/30/13,44.6497222,-93.2425
2013,8/30/13,44.7433333,-92.8522222
2013,8/30/13,45.8322222,-93.4261111
2013,8/30/13,46.475,-96.2802778
2013,8/30/13,44.9444444,-93.0930556
2013,8/30/13,45.1486111,-93.1513889
2013,8/30/13,44.7980556,-93.5266667
2013,7/22/13,44.7133333,-93.4225
2013,7/14/13,45.8322222,-93.4261111
2013,7/14/13,45.8322222,-93.4261111
2013,7/14/13,44.9483333,-93.3477778
2013,7/14/13,44.5291667,-94.7205556
2013,7/14/13,45.9725,-95.2919444
2013,8/30/13,44.98,-93.2636111
2013,7/5/13,44.8041667,-93.1666667
2013,7/5/13,44.7980556,-93.5266667
2013,7/5/13,44.7980556,-93.5266667
2013,7/5/13,44.98,-93.2636111
2013,7/5/13,45.0791667,-93.1469444
2013,8/30/13,45.1977778,-93.3869444
2013,11/11/13,45.0761111,-93.3325
2013,7/3/13,44.9444444,-93.0930556
2013,7/3/13,44.9383333,-93.7175
2013,7/3/13,44.4169444,-94.9252778
2013,7/3/13,45.16,-92.9930556
2013,7/3/13,44.9238889,-92.9591667
2013,7/3/13,44.7133333,-93.4225
2013,7/3/13,44.8408333,-93.2980556
2013,7/3/13,44.8041667,-93.1666667
2013,6/2/13,44.8277778,-92.9436111
2013,6/2/13,44.8508333,-93.7866667
2013,6/2/13,45.3194444,-93.2022222
2013,6/2/13,46.5944444,-95.5722222
2013,6/2/13,44.8041667,-93.1666667
2013,6/2/13,45.3055556,-93.7938889
2013,5/15/13,45.8322222,-93.4261111
2013,5/15/13,45.5608333,-94.1622222
2013,5/15/13,45.5727778,-93.2241667
2013,5/15/13,45.3869444,-93.3591667
2013,5/15/13,44.98,-93.2636111
2013,5/15/13,45.1608333,-93.2347222
2013,5/15/13,44.9133333,-93.5030556
2013,6/2/13,44.7438889,-94.7152778
2013,5/15/13,44.9133333,-93.5030556
2013,5/15/13,45.2461111,-93.4519444
2013,1/16/14,45.1719444,-93.8744444
2013,5/15/13,44.05,-91.6391667
2013,10/14/13,44.98,-93.2636111
2013,5/15/13,44.5625,-92.5336111
2013,5/15/13,44.0216667,-92.4697222
2013,4/12/13,45.1608333,-93.2347222
2013,5/15/13,44.9483333,-93.3477778
2013,3/3/13,45.57,-93.5813889
2013,4/12/13,45.8322222,-93.4261111
2013,2/28/13,44.9866667,-93.5713889
2013,2/18/13,45.0097222,-93.3488889
2013,2/4/13,44.98,-93.2636111
2013,2/4/13,46.6066667,-93.3136111
2013,2/4/13,44.0216667,-92.4697222
2012,2/4/13,44.9444444,-93.0930556
2012,2/4/13,44.9444444,-93.0930556
2012,2/4/13,45.3869444,-92.7475
2012,2/4/13,45.5608333,-94.1622222
2012,2/4/13,45.1630556,-93.0555556
2012,12/21/12,44.9238889,-92.9591667
2012,12/20/12,44.9444444,-93.0930556
2012,12/20/12,44.7677778,-93.2775
2012,11/19/12,44.7894444,-93.6019444
2012,11/19/12,45.0563889,-92.8058333
2012,11/19/12,46.7833333,-92.1063889
2012,6/2/13,44.9636111,-93.8469444
2012,11/19/12,44.8833333,-93.2827778
2012,11/19/12,44.7677778,-93.2775
2012,11/19/12,44.7319444,-93.2175
2012,10/30/12,45.57,-93.5813889
2012,5/15/13,45.5608333,-94.1622222
2012,10/30/12,44.8408333,-93.2980556
2012,10/30/12,47.9033333,-91.8669444
2012,10/30/12,45.0563889,-92.8058333
2012,10/30/12,44.0280556,-92.8544444
2012,10/30/12,44.9033333,-93.5661111
2012,10/30/12,44.6497222,-93.2425
2012,2/4/13,44.6497222,-93.2425
2012,10/30/12,46.6066667,-93.3136111
2012,10/30/12,45.7375,-94.9522222
2012,7/3/13,44.7894444,-93.6019444
2012,10/30/12,44.9444444,-93.0930556
2012,10/30/12,45.7227778,-93.1705556
2012,9/24/12,44.7433333,-92.8522222
2012,9/24/12,44.98,-93.2636111
2012,9/24/12,45.2461111,-93.4519444
2012,9/24/12,44.9444444,-93.0930556
2012,9/24/12,46.2944444,-93.8266667
2012,10/30/12,44.9483333,-93.3477778
2012,9/24/12,44.4583333,-93.1613889
2012,9/24/12,44.9444444,-93.0930556
2012,9/24/12,44.9483333,-93.3477778
2012,9/24/12,44.9483333,-93.3477778
2012,9/24/12,44.7677778,-93.2775
2012,9/24/12,46.7833333,-92.1063889
2012,2/4/13,44.6402778,-93.1433333
2012,9/24/12,47.0227778,-91.6705556
2012,9/24/12,48.0536111,-92.8308333
2012,9/24/12,46.6066667,-93.3136111
2012,9/24/12,44.98,-93.2636111
2012,8/19/12,45.6502778,-95.3894444
2012,8/19/12,44.98,-93.2636111
2012,8/30/13,47.7505556,-90.3341667
2012,9/24/12,44.98,-93.2636111
2012,8/19/12,46.7833333,-92.1063889
2012,8/19/12,44.8547222,-93.4705556
2012,8/19/12,44.8547222,-93.4705556
2012,8/30/13,45.0563889,-92.8058333
2012,8/19/12,44.9033333,-94.1952778
2012,8/19/12,44.5625,-92.5336111
2012,8/19/12,44.98,-93.2636111
2012,8/5/12,44.0216667,-92.4697222
2012,8/19/12,46.0930556,-95.8172222
2012,8/19/12,44.7433333,-92.8522222
2012,8/19/12,47.1013889,-94.5869444
2012,8/5/12,45.16,-92.9930556
2012,8/5/12,44.5433333,-93.5758333
2012,8/5/12,44.5625,-92.5336111
2012,8/19/12,46.7833333,-92.1063889
2012,8/5/12,44.9444444,-93.0930556
2012,8/5/12,44.9444444,-93.0930556
2012,8/5/12,44.6402778,-93.1433333
2012,8/5/12,44.8833333,-93.2827778
2012,8/5/12,44.0216667,-92.4697222
2012,8/5/12,44.8547222,-93.4705556
2012,8/5/12,43.5611111,-91.6358333
2012,8/5/12,45.1719444,-93.8744444
2012,8/5/12,45.0575,-93.0736111
2012,8/5/12,45.0105556,-93.4552778
2012,8/5/12,46.7833333,-92.1063889
2012,9/24/12,46.7833333,-92.1063889
2012,7/4/12,44.6669444,-93.6266667
2012,7/4/12,45.8852778,-95.3772222
2012,7/4/12,44.98,-93.2636111
2012,7/4/12,46.7833333,-92.1063889
2012,6/20/12,44.6402778,-93.1433333
2012,6/20/12,44.8408333,-93.2980556
2012,6/20/12,44.7894444,-93.6019444
2012,6/14/12,44.0216667,-92.4697222
2012,6/14/12,44.6744444,-93.3788889
2012,6/14/12,44.9444444,-93.0930556
2012,6/14/12,44.9238889,-92.9591667
2012,8/5/12,47.6983333,-96.1408333
2012,6/14/12,44.0216667,-92.4697222
2012,6/8/12,45.2788889,-92.985
2012,6/5/12,44.7319444,-93.2175
2012,6/5/12,46.6166667,-94.2166667
2012,6/8/12,44.9444444,-93.0930556
2012,6/5/12,44.9444444,-93.0930556
2012,6/5/12,47.4008333,-92.7069444
2012,5/29/12,46.7833333,-92.1063889
2012,5/29/12,44.98,-93.2636111
2012,5/29/12,44.98,-93.2636111
2012,5/29/12,44.6497222,-93.2425
2012,12/20/12,47.3794444,-94.6038889
2012,5/13/12,44.8547222,-93.4705556
2012,5/13/12,45.1608333,-93.2347222
2012,5/13/12,47.4736111,-94.88
2012,5/29/12,46.3580556,-94.2005556
2012,5/13/12,45.0322222,-93.3383333
2012,9/24/12,45.3038889,-93.5669444
2012,5/13/12,45.5608333,-94.1622222
2012,5/13/12,45.5608333,-94.1622222
2012,5/13/12,45.5608333,-94.1622222
2012,5/13/12,45.0725,-93.4555556
2012,4/18/12,47.4736111,-94.88
2012,4/18/14,47.4736111,-94.88
2012,5/29/12,45.5608333,-94.1622222
2012,5/15/13,47.3794444,-94.6038889
2012,5/13/12,45.12,-93.2875
2012,4/18/12,44.7394444,-93.1255556
2012,5/13/12,44.9238889,-92.9591667
2012,5/13/12,47.2372222,-93.53
2012,5/13/12,46.7216667,-92.4591667
2012,3/16/12,45.3055556,-93.7938889
2012,5/13/12,44.9636111,-93.8469444
2012,5/13/12,45.2333333,-93.2911111
2012,3/13/12,44.0216667,-92.4697222
2012,8/5/12,45.4558333,-94.4286111
2012,3/13/12,45.105,-93.2083333
2012,3/13/12,45.0847222,-93.0097222
2012,2/10/12,47.4272222,-92.9375
2012,2/3/12,46.9494444,-91.7788889
2012,1/24/12,47.6472222,-90.6747222
2012,1/24/12,47.9033333,-91.8669444
2012,1/24/12,45.1977778,-93.3869444
2012,1/24/12,44.7394444,-93.1255556
2012,1/24/12,45.5727778,-93.2241667
2012,1/12/12,45.3869444,-93.3591667
2011,1/12/12,44.7133333,-93.4225
2011,1/12/12,44.8547222,-93.4705556
2011,1/12/12,44.0216667,-92.4697222
2011,1/12/12,44.9444444,-93.0930556
2011,1/12/12,43.6666667,-92.9744444
2011,12/17/11,45.0847222,-93.0097222
2011,5/13/12,44.98,-93.2636111
2011,12/12/11,46.3580556,-94.2005556
2011,12/12/11,47.4736111,-94.88
2011,12/12/11,44.9483333,-93.3477778
2011,12/12/11,46.7833333,-92.1063889
2011,12/12/11,44.98,-93.2636111
2011,12/17/11,48.4377778,-93.0272222
2011,12/12/11,44.7319444,-93.2175
2011,10/25/11,45.1719444,-93.8744444
2011,10/19/11,45.0952778,-93.5472222
2011,10/10/11,46.5180556,-95.3758333
2011,10/10/11,47.5930556,-93.6905556
2011,10/10/11,44.7677778,-93.2775
2011,10/10/11,45.16,-92.9930556
2011,10/10/11,45.0725,-93.4555556
2011,2/3/12,44.9238889,-92.9591667
2011,10/10/11,45.2461111,-93.4519444
2011,10/10/11,44.8408333,-93.2980556
2011,10/10/11,44.6497222,-93.2425
2011,10/10/11,44.6497222,-93.2425
2011,10/10/11,44.295,-93.2686111
2011,10/10/11,48.6011111,-93.4108333
2011,12/12/11,48.6011111,-93.4108333
2011,10/10/11,43.6522222,-94.7266667
2011,10/10/11,47.4888889,-92.4647222
2011,10/10/11,44.0216667,-92.4697222
2011,10/10/11,44.9444444,-93.0930556
2011,10/10/11,46.7216667,-92.4591667
2011,8/21/11,45.1719444,-93.8744444
2011,8/21/11,44.5069444,-92.9052778
2011,8/21/11,45.2627778,-94.1241667
2011,8/21/11,44.98,-93.2636111
2011,8/21/11,44.1661111,-92.5347222
2011,8/21/11,44.8408333,-93.2980556
2011,1/12/12,45.57,-93.5813889
2011,5/15/13,44.6402778,-93.1433333
2011,8/7/11,44.9238889,-92.9591667
2011,7/17/11,45.12,-93.2875
2011,7/17/11,44.9483333,-93.3477778
2011,7/6/11,44.7319444,-93.2175
2011,7/6/11,46.2852778,-95.8705556
2011,7/4/11,44.7433333,-92.8522222
2011,8/7/11,44.9444444,-93.0930556
2011,8/7/11,44.9444444,-93.0930556
2011,7/4/11,44.98,-93.2636111
2011,5/13/12,45.2377778,-93.6541667
2011,7/6/11,45.0941667,-93.3561111
2011,7/4/11,44.4583333,-93.1613889
2011,12/12/11,47.4625,-92.5397222
2011,7/4/11,47.2372222,-93.53
2011,6/27/11,47.7086111,-91.9444444
2011,7/17/11,45.0941667,-93.3561111
2011,6/27/11,44.1636111,-93.9991667
2011,5/29/11,45.6091667,-94.4513889
2011,5/12/11,44.4997222,-96.2311111
2011,5/12/11,44.05,-91.6391667
2011,5/12/11,45.3194444,-93.2022222
2011,5/12/11,46.3580556,-94.2005556
2011,5/2/11,44.5069444,-92.9052778
2011,5/2/11,45.0563889,-92.8058333
2011,5/2/11,44.5513889,-94.9841667
2011,4/3/11,43.635,-95.9325
2011,3/23/11,44.295,-93.2686111
2011,3/10/11,47.4736111,-94.88
2011,2/23/11,44.8408333,-93.2980556
2011,2/18/11,44.0216667,-92.4697222
2011,1/31/11,44.0216667,-92.4697222
2011,1/31/11,44.7677778,-93.2775
2011,1/31/11,44.8877778,-94.3694444
2011,1/31/11,46.0705556,-93.6675
2010,1/5/11,43.7608333,-93.2038889
2010,1/5/11,47.4736111,-94.88
2010,11/21/10,45.0725,-93.4555556
2010,11/11/13,44.165,-93.8811111
2010,11/21/10,46.4736111,-93.8986111
2010,11/21/10,46.7833333,-92.1063889
2010,11/21/10,48.6011111,-93.4108333
2010,11/21/10,44.7677778,-93.2775
2010,11/21/10,44.0216667,-92.4697222
2010,11/21/10,44.8277778,-92.9436111
2010,11/21/10,44.7894444,-93.6019444
2010,11/21/10,47.8325,-96.1330556
2010,11/21/10,45.0791667,-93.1469444
2010,11/21/10,46.5330556,-93.71
2010,11/21/10,45.2536111,-92.8055556
2010,8/24/10,44.8408333,-93.2980556
2010,8/24/10,44.9444444,-93.0930556
2010,11/21/10,47.8763889,-95.0166667
2010,7/28/10,44.98,-93.2636111
2010,7/28/10,46.7833333,-92.1063889
2010,8/24/10,45.0105556,-93.4552778
2010,7/28/10,45.2536111,-92.8055556
2010,7/19/10,44.8480556,-93.0425
2010,7/28/10,45.12,-93.2875
2010,7/19/10,44.7133333,-93.4225
2010,7/19/10,46.7833333,-92.1063889
2010,7/19/10,47.0719444,-92.7322222
2010,7/10/10,45.12,-93.2875
2010,11/21/10,44.6497222,-93.2425
2010,7/10/10,46.2630556,-95.5366667
2010,7/10/10,44.9444444,-93.0930556
2010,8/24/10,45.0861111,-93.2630556
2010,7/10/10,46.2944444,-93.8266667
2010,7/6/10,44.6497222,-93.2425
2010,4/11/14,46.3580556,-94.2005556
2010,6/3/10,44.98,-93.2636111
2010,6/3/10,44.98,-93.2636111
2010,6/3/10,44.1733333,-94.0336111
2010,6/3/10,44.0216667,-92.4697222
2010,6/3/10,44.8897222,-93.3497222
2010,6/3/10,45.16,-92.9930556
2010,5/12/10,45.4902778,-93.2475
2010,5/12/10,45.5608333,-94.1622222
2010,5/12/10,45.0563889,-92.8058333
2010,5/12/10,43.8277778,-94.4369444
2010,5/12/10,43.8277778,-94.4369444
2010,1/5/11,45.8044444,-96.4988889
2010,5/12/10,44.98,-93.2636111
2010,5/12/10,44.0216667,-92.4697222
2010,5/12/10,45.16,-92.9930556
2010,4/13/10,45.1505556,-94.6827778
2010,4/13/10,48.6011111,-93.4108333
2010,5/29/11,47.8525,-92.6894444
2010,11/21/10,44.4469444,-95.7880556
2010,2/14/10,45.0563889,-92.8058333
2009,5/12/10,45.6216667,-94.2066667
2009,2/14/10,44.9483333,-93.3477778
2009,12/12/09,44.8480556,-93.0425
2009,4/13/10,45.6216667,-94.2066667
2009,12/12/09,44.7677778,-93.2775
2009,12/12/09,45.1077778,-93.2377778
2009,2/14/10,45.1077778,-93.2377778
2009,12/12/09,44.925,-93.4625
2009,12/12/09,44.7433333,-92.8522222
2009,12/12/09,44.9444444,-93.0930556
2009,12/12/09,45.2291667,-94.0016667
2009,12/12/09,45.5608333,-94.1622222
2009,12/12/09,47.7741667,-96.6077778
2009,7/4/12,48.1191667,-96.1808333
2009,12/12/09,45.12,-93.2875
2009,12/12/09,46.7833333,-92.1063889
2009,12/12/09,44.2941667,-92.6688889
2009,12/12/09,44.98,-93.2636111
2009,12/12/09,43.7402778,-92.8691667
2009,12/12/09,44.8480556,-93.0425
2009,12/12/09,45.4902778,-93.2475
2009,12/12/09,47.9033333,-91.8669444
2009,12/12/09,44.9444444,-93.0930556
2009,12/12/09,44.98,-93.2636111
2009,12/12/09,44.295,-93.2686111
2009,8/27/09,44.9444444,-93.0930556
2009,3/13/12,44.5069444,-92.9052778
2009,8/27/09,44.98,-93.2636111
2009,8/27/09,45.2627778,-94.1241667
2009,8/27/09,47.6402778,-92.5252778
2009,4/3/11,47.0227778,-91.6705556
2009,8/5/09,44.8408333,-93.2980556
2009,8/27/09,45.2788889,-92.985
2009,8/5/09,45.0563889,-92.8058333
2009,8/5/09,44.8041667,-93.1666667
2009,8/5/09,44.8480556,-93.0425
2009,3/13/12,46.7833333,-92.1063889
2009,8/5/09,44.4583333,-93.1613889
2009,8/5/09,44.9444444,-93.0930556
2009,8/5/09,45.3736111,-92.8897222
2009,8/27/09,46.6566667,-95.805
2009,8/5/09,44.6497222,-93.2425
2009,8/5/09,44.9238889,-92.9591667
2009,6/9/09,44.98,-93.2636111
2009,6/9/09,45.7558333,-93.6541667
2009,6/9/09,45.0655556,-93.2016667
2009,5/12/09,45.3894444,-92.8477778
2009,5/12/09,47.6591667,-92.1977778
2009,4/14/09,45.2461111,-93.4519444
2009,5/12/09,46.3580556,-94.2005556
2009,4/14/09,44.5297222,-93.3525
2009,4/14/09,47.4580556,-96.8180556
2009,3/19/09,44.98,-93.2636111
2009,8/24/10,47.7741667,-96.6077778
2009,4/13/10,46.7833333,-92.1063889
2009,3/19/09,44.7088889,-96.2761111
2009,3/19/09,44.98,-93.2636111
2009,3/19/09,44.9483333,-93.3477778
2009,3/19/09,45.1719444,-93.8744444
2009,1/10/09,44.9444444,-93.0930556
2008,1/10/09,44.98,-93.2636111
2008,1/10/09,45.5608333,-94.1622222
2008,1/10/09,44.98,-93.2636111
2008,1/10/09,45.0380556,-93.3863889
2008,8/5/09,44.7133333,-93.4225
2008,1/10/09,45.8261111,-92.9683333
2008,1/10/09,45.4902778,-93.2475
2008,1/10/09,44.0838889,-93.2258333
2008,1/10/09,47.4272222,-92.9375
2008,10/31/08,44.0838889,-93.2258333
2008,10/31/08,43.8280556,-91.3038889
2008,10/31/08,45.5113889,-92.98
2008,10/31/08,44.98,-93.2636111
2008,10/31/08,46.7216667,-92.4591667
2008,10/31/08,44.9444444,-93.0930556
2008,10/31/08,46.7833333,-92.1063889
2008,10/31/08,45.0725,-93.4555556
2008,12/12/09,44.9444444,-93.0930556
2008,10/31/08,44.8408333,-93.2980556
2008,12/12/09,45.4438889,-93.7361111
2008,8/12/08,45.3011111,-94.9438889
2008,8/12/08,47.2372222,-93.53
2008,8/12/08,46.7833333,-92.1063889
2008,8/12/08,45.0941667,-93.3561111
2008,8/12/08,46.7833333,-92.1063889
2008,8/12/08,47.0227778,-91.6705556
2008,7/5/08,44.9033333,-93.5661111
2008,8/12/08,44.9033333,-93.5661111
2008,4/13/10,45.3894444,-92.8477778
2008,8/12/08,44.9444444,-93.0930556
2008,8/12/08,47.4736111,-94.88
2008,7/5/08,44.7319444,-93.2175
2008,6/12/08,44.98,-93.2636111
2008,6/12/08,44.98,-93.2636111
2008,1/5/11,45.6502778,-95.3894444
2008,6/12/08,45.0791667,-93.1469444
2008,6/12/08,47.4736111,-94.88
2008,6/12/08,46.0041667,-95.6825
2008,6/12/08,44.1733333,-94.0336111
2008,6/12/08,44.8277778,-92.9436111
2008,6/12/08,45.5113889,-92.98
2008,6/12/08,44.98,-93.2636111
2008,6/12/08,44.98,-93.2636111
2008,1/10/09,45.0105556,-93.4552778
2008,6/12/08,44.9958333,-92.8791667
2008,3/31/08,47.5197222,-92.1383333
2008,3/4/08,47.0966667,-95.8430556
2008,6/12/08,47.3794444,-94.6038889
2008,2/14/08,46.7402778,-94.1752778
2008,1/21/08,44.8508333,-93.7866667
2007,3/4/08,46.7833333,-92.1063889
2007,11/28/07,47.0530556,-93.1188889
2007,11/28/07,45.2333333,-93.2911111
2007,11/28/07,44.8897222,-93.3497222
2007,3/4/08,47.9033333,-91.8669444
2007,11/28/07,44.9444444,-93.0930556
2007,11/28/07,46.7833333,-92.1063889
2007,1/10/09,47.4891667,-92.8836111
2007,11/28/07,45.1077778,-93.2377778
2007,11/28/07,44.7691667,-94.1513889
2007,1/21/08,46.7833333,-92.1063889
2007,10/8/07,44.7677778,-93.2775
2007,10/8/07,45.8769444,-93.2936111
2007,3/10/11,45.445,-93.9986111
2007,10/8/07,44.98,-93.2636111
2007,10/8/07,44.9444444,-93.0930556
2007,10/8/07,46.7833333,-92.1063889
2007,7/5/08,44.1636111,-93.9991667
2007,8/14/07,44.8041667,-93.1666667
2007,8/14/07,45.0061111,-93.1563889
2007,8/7/07,45.0352778,-93.5822222
2007,11/28/07,46.8172222,-95.845
2007,8/27/09,46.3366667,-94.6458333
2007,8/7/07,44.8897222,-93.3497222
2007,8/7/07,44.9483333,-93.3477778
2007,3/4/08,45.3038889,-93.5669444
2007,8/7/07,46.7833333,-92.1063889
2007,8/7/07,47.2372222,-93.53
2007,8/7/07,43.7208333,-91.9766667
2007,8/7/07,46.7311111,-93.9577778
2007,2/14/10,45.3038889,-93.5669444
2007,8/7/07,44.9444444,-93.0930556
2007,6/12/07,44.9444444,-93.0930556
2007,6/12/07,43.8727778,-93.3011111
2007,10/8/07,45.3325,-93.7458333
2007,6/12/07,45.0725,-93.4555556
2007,6/12/07,44.6497222,-93.2425
2007,7/3/13,46.4822222,-93.9575
2007,6/12/07,44.0216667,-92.4697222
2007,4/27/07,45.0419444,-93.7888889
2007,4/27/07,46.7833333,-92.1063889
2007,4/27/07,45.4902778,-93.2475
2007,2/24/07,47.2372222,-93.53
2007,2/1/07,44.0216667,-92.4697222
2007,2/1/07,47.2997222,-96.515
2007,8/14/07,44.6669444,-93.6266667
2007,2/7/14,47.2955556,-93.4186111
2007,2/1/07,47.7086111,-91.9444444
2006,2/1/07,45.0158333,-95.2383333
2006,12/14/06,44.9444444,-93.0930556
2006,2/1/07,45.1719444,-93.8744444
2006,12/7/06,44.6669444,-93.6266667
2006,12/7/06,44.6669444,-93.6266667
2006,12/7/06,45.5863889,-92.9744444
2006,12/7/06,44.9055556,-93.7472222
2006,12/7/06,46.9222222,-95.0583333
2006,12/7/06,44.8586111,-93.6613889
2006,10/30/06,47.0227778,-91.6705556
2006,12/7/06,47.0227778,-91.6705556
2006,10/30/06,44.98,-93.2636111
2006,10/30/06,45.0105556,-93.4552778
2006,10/30/06,45.1888889,-93.5527778
2006,2/24/07,46.7133333,-93.4883333
2006,10/30/06,44.6402778,-93.1433333
2006,10/30/06,45.5608333,-94.1622222
2006,10/30/06,44.8897222,-93.3497222
2006,2/1/07,44.6402778,-93.1433333
2006,12/7/06,44.6402778,-93.1433333
2006,2/1/07,44.6102778,-93.0019444
2006,10/30/06,44.9238889,-92.9591667
2006,10/30/06,45.0761111,-93.3325
2006,10/30/06,45.0761111,-93.3325
2006,10/30/06,44.9630556,-92.9647222
2006,12/7/06,44.5261111,-93.0197222
2006,3/31/08,48.6011111,-93.4108333
2006,10/30/06,45.0791667,-93.1469444
2006,10/30/06,44.7980556,-93.5266667
2006,7/16/06,45.1602778,-93.0886111
2006,7/16/06,45.1719444,-93.8744444
2006,7/16/06,45.0791667,-93.1469444
2006,10/30/06,45.2788889,-92.985
2006,1/21/08,44.98,-93.2636111
2006,8/5/09,45.3194444,-93.2022222
2006,7/16/06,45.2333333,-93.2911111
2006,7/16/06,45.3055556,-93.7938889
2006,7/16/06,44.5530556,-94.2202778
2006,7/16/06,47.1013889,-94.5869444
2006,5/15/06,44.05,-91.6391667
2006,10/30/06,44.8480556,-93.0425
2006,7/16/06,48.5127778,-93.8027778
2006,5/15/06,44.0216667,-92.4697222
2006,5/15/06,44.7677778,-93.2775
2006,5/15/06,44.8422222,-92.9911111
2006,5/15/06,44.9033333,-93.5661111
2006,5/15/06,44.98,-93.2636111
2006,5/15/06,44.98,-93.2636111
2006,5/15/06,44.98,-93.2636111
2006,3/11/06,44.8041667,-93.1666667
2006,2/14/06,45.1602778,-93.0886111
2006,2/14/06,43.6480556,-93.3680556
2006,2/1/07,46.2830556,-96.0772222
2006,2/14/06,45.0105556,-93.4552778
2005,12/16/05,43.905,-91.4361111
2005,12/16/05,44.98,-93.2636111
2005,12/16/05,47.93,-97.0241667
2005,12/16/05,47.93,-97.0241667
2005,12/16/05,44.98,-93.2636111
2005,11/8/05,44.9133333,-93.5030556
2005,5/15/06,45.0725,-93.4555556
2005,12/16/05,45.0725,-93.4555556
2005,1/10/09,44.8833333,-93.2827778
2005,11/8/05,47.7444444,-93.6538889
2005,11/3/05,45.0791667,-93.1469444
2005,10/20/05,46.9222222,-95.0583333
2005,2/1/07,44.4583333,-93.1613889
2005,10/11/05,44.8041667,-93.1666667
2005,10/30/06,46.3580556,-94.2005556
2005,10/11/05,45.2536111,-92.8055556
2005,10/11/05,44.8897222,-93.3497222
2005,10/20/05,45.1888889,-93.5527778
2005,10/11/05,45.0791667,-93.1469444
2005,10/11/05,45.1425,-93.1630556
2005,10/11/05,45.0791667,-93.1469444
2005,10/11/05,43.905,-91.4361111
2005,9/15/05,44.98,-93.2636111
2005,10/11/05,45.2788889,-92.985
2005,9/2/05,44.98,-93.2636111
2005,10/11/05,45.565,-94.3180556
2005,2/14/06,44.0216667,-92.4697222
2005,9/2/05,44.9133333,-93.5030556
2005,10/11/05,45.0791667,-93.1469444
2005,9/2/05,44.9713889,-93.6041667
2005,10/11/05,45.9763889,-94.3622222
2005,9/2/05,45.0761111,-93.3325
2005,3/19/09,45.3325,-93.7458333
2005,10/11/05,45.0816667,-94.3066667
2005,10/11/05,45.3055556,-93.7938889
2005,10/11/05,44.7319444,-93.2175
2005,10/11/05,44.295,-93.2686111
2005,12/7/06,46.8172222,-95.845
2005,8/12/08,44.7894444,-93.6019444
2005,9/2/05,46.9863889,-94.2111111
2005,3/19/09,45.8769444,-93.2936111
2005,2/14/06,47.2372222,-93.53
2005,7/13/05,44.0838889,-93.2258333
2005,2/14/06,44.9483333,-93.3477778
2005,6/20/05,44.81,-95.5452778
2005,2/14/06,44.8622222,-93.5305556
2005,7/3/13,45.3938889,-92.8163889
2005,6/20/05,44.8041667,-93.1666667
2005,6/20/05,45.0097222,-93.3488889
2005,12/12/09,45.9763889,-94.3622222
2005,5/24/05,46.2830556,-96.0772222
2005,5/24/05,46.2830556,-96.0772222
2005,5/24/05,46.2830556,-96.0772222
2005,5/24/05,44.8041667,-93.1666667
2005,6/20/05,44.7319444,-93.2175
2005,4/16/05,44.8041667,-93.1666667
2005,4/16/05,44.925,-93.4625
2005,4/16/05,44.98,-93.2636111
2005,4/16/05,45.1977778,-93.3869444
2005,9/2/05,47.8525,-92.6894444
2005,5/11/05,45.2627778,-94.1241667
2005,5/11/05,47.1013889,-94.5869444
2005,5/11/05,47.7505556,-90.3341667
2005,2/22/05,45.0097222,-93.3488889
2005,2/22/05,44.6669444,-93.6266667
2005,2/8/05,44.7433333,-92.8522222
2005,2/8/05,45.1608333,-93.2347222
2005,1/27/05,44.98,-93.2636111
2004,1/11/05,44.9444444,-93.0930556
2004,12/3/04,44.98,-93.2636111
2004,11/9/04,44.3236111,-93.9577778
2004,12/3/04,44.7980556,-93.5266667
2004,11/9/04,44.98,-93.2636111
2004,11/9/04,44.1636111,-93.9991667
2004,2/1/07,44.98,-93.2636111
2004,2/8/05,44.9444444,-93.0930556
2004,10/27/04,44.295,-93.2686111
2004,10/27/04,44.7677778,-93.2775
2004,10/27/04,44.7894444,-93.6019444
2004,10/27/04,44.9483333,-93.3477778
2004,9/29/04,43.5611111,-91.6358333
2004,10/8/07,46.7833333,-92.1063889
2004,9/29/04,47.2372222,-93.53
2004,2/22/05,46.3183333,-92.8411111
2004,9/29/04,45.1977778,-93.3869444
2004,9/9/04,44.6497222,-93.2425
2004,9/9/04,44.6497222,-93.2425
2004,9/9/04,44.9444444,-93.0930556
2004,9/9/04,47.7505556,-90.3341667
2004,8/24/04,44.9444444,-93.0930556
2004,9/1/04,44.8508333,-93.7866667
2004,9/1/04,44.98,-93.2636111
2004,12/14/04,44.9008333,-93.5888889
2004,10/27/04,44.7894444,-93.6019444
2004,9/9/04,44.98,-93.2636111
2004,9/1/04,44.6497222,-93.2425
2004,9/1/04,44.9483333,-93.3477778
2004,9/1/04,44.9444444,-93.0930556
2004,8/24/04,44.9444444,-93.0930556
2004,9/9/04,44.9444444,-93.0930556
2004,8/24/04,44.98,-93.2636111
2004,8/24/04,44.7394444,-93.1255556
2004,9/29/04,44.98,-93.2636111
2004,12/3/04,44.98,-93.2636111
2004,1/19/05,44.9444444,-93.0930556
2004,8/24/04,44.8408333,-93.2980556
2004,10/27/04,45.0105556,-93.4552778
2004,12/3/04,44.9444444,-93.0930556
2004,8/5/09,44.9444444,-93.0930556
2004,8/24/04,45.5113889,-92.98
2004,8/11/04,44.7319444,-93.2175
2004,12/14/04,47.0041667,-94.7266667
2004,5/24/05,46.7833333,-92.1063889
2004,7/25/04,45.1608333,-93.2347222
2004,7/25/04,46.6166667,-94.2166667
2004,7/25/04,45.5608333,-94.1622222
2004,7/25/04,45.0725,-93.4555556
2004,12/12/09,46.8205556,-93.9477778
2004,2/1/07,45.0655556,-93.2016667
2004,7/25/04,45.5608333,-94.1622222
2004,5/24/05,44.8897222,-93.3497222
2004,7/8/04,46.8366667,-95.01
2004,7/25/04,45.5608333,-94.1622222
2004,11/28/07,44.8408333,-93.2980556
2004,6/18/04,44.8422222,-92.9911111
2004,7/25/04,44.9366667,-93.6658333
2004,6/18/04,44.98,-93.2636111
2004,6/4/04,44.98,-93.2636111
2004,6/4/04,44.8480556,-93.0425
2004,6/4/04,43.6522222,-94.4608333
2004,6/4/04,44.9238889,-92.9591667
2004,5/10/04,45.3325,-93.7458333
2004,4/9/04,44.9444444,-93.0930556
2004,4/9/04,48.6994444,-94.3427778
2004,3/28/04,44.9630556,-92.9647222
2004,3/23/04,45.1888889,-93.3972222
2004,7/5/08,44.0216667,-92.4697222
2004,3/9/04,44.98,-93.2636111
2004,3/2/04,47.4625,-92.5397222
2004,3/2/04,44.98,-93.2636111
2004,12/7/06,44.98,-93.2636111
2003,11/26/03,46.8633333,-95.9813889
2003,11/26/03,48.6994444,-94.3427778
2003,11/26/03,45.2788889,-92.985
2003,10/31/03,45.2536111,-92.8055556
2003,10/31/03,44.8277778,-92.9436111
2003,8/24/04,44.98,-93.2636111
2003,10/15/03,43.6666667,-92.9744444
2003,10/15/03,46.6461111,-94.3344444
2003,11/26/03,46.9222222,-95.0583333
2003,9/24/03,46.2636111,-96.5877778
2003,1/22/04,44.4583333,-93.1613889
2003,4/9/04,46.6808333,-92.8838889
2003,9/4/03,44.98,-93.2636111
2003,3/2/04,47.0561111,-93.9158333
2003,9/4/03,46.6066667,-93.3136111
2003,9/4/03,46.6066667,-93.3136111
2003,9/4/03,46.6066667,-93.3136111
2003,9/4/03,46.6066667,-93.3136111
2003,9/4/03,46.3580556,-94.2005556
2003,9/24/03,46.2630556,-95.5366667
2003,9/4/03,46.5205556,-94.2883333
2003,9/4/03,46.1311111,-92.8672222
2003,8/28/03,44.7677778,-93.2775
2003,8/4/03,45.0861111,-93.2630556
2003,8/1/03,45.0563889,-92.8058333
2003,8/1/03,44.8277778,-92.9436111
2003,9/24/03,45.1219444,-95.0430556
2003,7/16/03,44.6497222,-93.2425
2003,6/3/03,44.8622222,-93.5305556
2003,5/27/03,45.2333333,-93.2911111
2003,5/27/03,44.7677778,-93.2775
2003,4/27/03,45.0097222,-93.3488889
2003,4/22/03,44.2447222,-92.2955556
2003,4/22/03,43.9825,-94.6266667
2003,4/22/03,45.0847222,-93.0097222
2003,3/21/03,44.5069444,-92.9052778
2003,3/23/04,44.98,-93.2636111
2003,9/2/05,46.33,-94.4738889
2003,3/21/03,43.7677778,-94.1655556
2002,3/21/03,44.9741667,-93.5063889
2002,12/23/02,45.0322222,-93.3383333
2002,12/23/02,45.5608333,-94.1622222
2002,12/23/02,45.12,-93.2875
2002,6/4/04,45.5608333,-94.1622222
2002,3/21/03,45.4975,-95.7963889
2002,10/15/02,44.7791667,-93.3361111
2002,10/15/02,45.0952778,-93.5472222
2002,10/15/02,46.7833333,-92.1063889
2002,4/27/04,45.0408333,-93.2627778
2002,9/6/02,44.0838889,-93.2258333
2002,8/28/02,44.1636111,-93.9991667
2002,8/28/02,45.0061111,-93.1563889
2002,11/2/04,46.5330556,-93.71
2002,8/16/02,47.6472222,-90.6747222
2002,7/26/02,44.8508333,-93.7866667
2002,6/12/02,44.0216667,-92.4697222
2002,7/26/02,47.9033333,-91.8669444
2002,4/25/02,44.4802778,-93.4283333
2002,4/8/02,43.5552778,-92.01
2002,2/22/02,44.7677778,-93.2775
2002,3/19/02,44.98,-93.2636111
2002,2/22/02,46.1311111,-92.8672222
2001,1/11/02,47.4736111,-94.88
2001,12/5/01,44.3236111,-93.9577778
2001,12/5/01,44.98,-93.2636111
2001,12/5/01,45.3055556,-93.7938889
2001,11/20/01,44.9530556,-92.995
2001,11/20/01,46.2830556,-96.0772222
2001,11/20/01,44.9444444,-93.0930556
2001,1/11/02,44.9958333,-92.8791667
2001,11/20/01,44.9366667,-93.6658333
2001,1/29/02,44.9958333,-92.8791667
2001,11/20/01,44.98,-93.2636111
2001,11/20/01,44.98,-93.2636111
2001,3/19/02,45.1219444,-95.0430556
2001,2/24/07,46.8808333,-96.3163889
2001,10/12/01,46.7833333,-92.1063889
2001,10/12/01,44.0838889,-93.2258333
2001,7/10/10,46.9494444,-91.7788889
2001,11/20/01,47.9033333,-91.8669444
2001,9/19/02,46.5030556,-92.6883333
2001,8/20/01,46.6169444,-92.3822222
2001,8/20/01,44.3125,-94.4602778
2001,8/20/01,44.4633333,-96.2469444
2001,8/12/01,43.6480556,-93.3680556
2001,12/23/02,46.1311111,-92.8672222
2001,8/5/01,44.3125,-94.4602778
2001,8/5/01,44.9444444,-93.0930556
2001,8/5/01,44.9144444,-92.7655556
2001,11/20/01,45.16,-92.9930556
2001,8/5/01,45.1033333,-93.6911111
2001,8/5/01,47.9680556,-92.8080556
2001,7/8/04,43.6702778,-93.5758333
2001,4/28/01,48.8461111,-95.7625
2001,4/28/01,44.8547222,-93.4705556
2001,4/28/01,45.4902778,-93.2475
2001,12/5/01,45.0563889,-92.8058333
2001,12/5/01,45.0563889,-92.8058333
2001,8/5/01,47.3152778,-95.9683333
2001,4/28/01,44.98,-93.2636111
2001,2/1/07,44.5111111,-92.3563889
2001,3/16/01,44.98,-93.2636111
2001,1/11/02,46.7833333,-92.1063889
2001,3/6/01,45.0105556,-93.4552778
2001,2/18/01,47.7741667,-96.6077778
2001,2/18/01,44.9444444,-93.0930556
2001,2/18/01,47.1694444,-92.4761111
2000,1/17/04,44.2941667,-92.6688889
2000,10/30/06,44.1636111,-93.9991667
2000,12/9/00,45.0941667,-93.3561111
2000,12/2/00,44.8897222,-93.3497222
2000,12/2/00,46.2630556,-95.5366667
2000,12/2/00,45.0847222,-93.0097222
2000,4/28/01,44.9133333,-93.5030556
2000,3/6/01,45.0655556,-93.2016667
2000,12/2/00,44.6669444,-93.6266667
2000,4/28/01,44.9444444,-93.0930556
2000,12/2/00,44.7394444,-93.1255556
2000,12/2/00,46.5536111,-95.7161111
2000,9/21/00,44.4469444,-95.7880556
2000,9/17/00,46.8069444,-92.2380556
2000,10/15/02,44.0005556,-96.3172222
2000,9/17/00,45.0408333,-93.2627778
2000,10/27/04,46.7833333,-92.1063889
2000,8/25/00,44.3838889,-92.0327778
2000,12/2/00,45.1608333,-93.2347222
2000,6/4/04,45.0847222,-93.0097222
2000,8/19/00,44.9008333,-93.5888889
2000,7/11/00,44.9444444,-93.0930556
2000,7/11/00,44.98,-93.2636111
2000,7/11/00,44.3236111,-93.9577778
2000,7/1/02,44.8622222,-93.5305556
2000,2/22/02,44.9630556,-92.9647222
2000,2/18/01,45.1486111,-93.1513889
2000,7/11/00,47.9033333,-91.8669444
2000,3/4/08,47.9033333,-91.8669444
2000,10/12/01,44.7980556,-93.5266667
2000,6/6/00,47.5233333,-92.5363889
2000,6/6/00,46.0911111,-94.5033333
2000,4/26/00,45.5572222,-94.2238889
2000,4/1/00,46.7833333,-92.1063889
2000,3/7/00,45.16,-92.9930556
2000,2/23/00,46.5030556,-92.6883333
2000,10/31/03,47.7086111,-91.9444444
2000,2/16/00,45.3933333,-93.8766667
1999,11/17/99,44.9238889,-92.9591667
1999,11/17/99,44.7319444,-93.2175
1999,11/17/99,44.05,-91.6391667
1999,11/2/99,44.6497222,-93.2425
1999,11/17/99,45.9763889,-94.3622222
1999,10/19/99,46.8172222,-95.845
1999,1/7/00,44.7394444,-93.1255556
1999,10/19/99,44.0216667,-92.4697222
1999,3/6/01,45.0725,-93.4555556
1999,9/21/00,44.98,-93.2636111
1999,12/16/99,47.1694444,-92.4761111
1999,9/12/99,44.98,-93.2636111
1999,10/2/99,44.2941667,-92.6688889
1999,1/10/09,45.12,-93.2875
1999,9/12/99,44.8408333,-93.2980556
1999,9/12/99,44.98,-93.2636111
1999,1/31/11,47.7505556,-90.3341667
1999,3/16/00,45.9763889,-94.3622222
1999,8/10/99,44.4583333,-93.1613889
1999,8/10/99,44.5069444,-92.9052778
1999,6/4/04,47.0041667,-94.7266667
1999,10/2/99,44.98,-93.2636111
1999,7/11/00,44.9444444,-93.0930556
1999,7/5/99,44.98,-93.2636111
1999,12/12/09,46.2636111,-96.5877778
1999,5/24/99,44.3236111,-93.9577778
1999,8/16/02,44.3044444,-92.7902778
1999,4/26/99,44.9483333,-93.3477778
1999,4/2/99,45.0105556,-93.4552778
1999,2/16/99,47.4888889,-92.4647222
1998,11/17/99,45.3194444,-93.2022222
1998,1/10/09,45.12,-93.2875
1998,11/19/98,45.0105556,-93.4552778
1998,9/26/98,44.0216667,-92.4697222
1998,11/1/98,44.98,-93.2636111
1998,9/28/03,46.9825,-95.9094444
1998,10/8/07,44.98,-93.2636111
1998,12/2/00,47.8525,-92.6894444
1998,4/26/99,45.5861111,-95.9136111
1998,1/28/99,45.2333333,-93.2911111
1998,3/2/04,47.2372222,-93.53
1998,1/28/99,44.8041667,-93.1666667
1998,1/28/99,46.7833333,-92.1063889
1997,2/18/01,48.1191667,-96.1808333
1997,6/2/98,44.9444444,-93.0930556
1997,1/28/99,44.98,-93.2636111
1997,1/28/99,43.6666667,-92.9744444
1997,12/3/04,47.4736111,-94.88
1997,6/20/05,44.98,-93.2636111
1997,8/16/02,45.6647222,-93.9094444
1997,4/22/03,45.3038889,-93.5669444
1997,1/28/99,45.0861111,-93.2630556
1997,1/28/99,44.8408333,-93.2980556
1997,2/16/00,45.0861111,-93.2630556
1997,11/1/98,44.9741667,-93.5063889
1997,1/28/99,44.8547222,-93.4705556
1997,6/12/08,45.5608333,-94.1622222
1997,2/14/10,46.0113889,-92.9441667
1997,4/28/01,44.9444444,-93.0930556
1997,12/20/00,45.1608333,-93.2347222
1997,5/15/06,44.8547222,-93.4705556
1997,3/7/98,45.0655556,-93.2016667
1997,6/6/00,44.0777778,-93.5072222
1997,9/26/98,45.3980556,-92.9872222
1997,3/7/98,45.5608333,-94.1622222
1996,3/7/98,44.7433333,-92.8522222
1996,3/7/98,45.0502778,-93.1563889
1996,12/2/00,45.12,-93.2875
1996,7/3/13,44.7433333,-92.8522222
1996,2/22/05,44.05,-91.6391667
1996,3/23/04,45.6855556,-92.9652778
1996,7/28/10,47.4936111,-92.7777778
1996,11/2/99,44.0216667,-92.4697222
1996,11/2/99,45.3363889,-92.9969444
1996,11/2/99,45.5608333,-94.1622222
1996,11/2/99,44.98,-93.2636111
1996,9/21/00,46.0441667,-95.2911111
1996,2/14/10,46.1530556,-95.3286111
1996,12/23/02,46.9933333,-93.5983333
1995,8/4/03,47.6591667,-92.1977778
1995,11/2/99,44.6402778,-93.1433333
1995,11/2/99,45.2788889,-92.985
1995,7/11/00,44.1636111,-93.9991667
1995,11/2/99,44.0327778,-92.6452778
1994,11/21/10,44.7894444,-93.6019444
1994,1/28/99,44.295,-93.2686111
1993,2/1/07,44.98,-93.2636111
1993,1/28/99,44.4583333,-93.1613889
1992,4/1/00,45.0097222,-93.3488889
1992,1/17/04,46.7833333,-92.1063889
1992,12/2/00,47.9033333,-91.8669444
1991,11/20/13,45.3038889,-93.5669444
1991,5/29/11,44.8927778,-93.0347222
1991,4/28/01,44.4583333,-93.1613889
1991,6/6/00,44.98,-93.2636111
1990,4/15/00,44.1636111,-93.9991667
1990,9/19/02,45.0408333,-93.2627778
1990,11/2/99,44.98,-93.2636111
1988,10/30/06,44.8547222,-93.4705556
1988,4/27/07,44.1636111,-93.9991667
1988,7/4/12,47.2997222,-96.515
1988,2/14/06,45.0941667,-93.3561111
1988,11/19/98,46.7833333,-92.1063889
1987,10/14/13,44.9133333,-93.5030556
1987,12/16/05,45.0847222,-93.0097222
1987,6/23/99,47.4272222,-92.9375
1985,7/4/12,45.8852778,-95.3772222
1985,5/15/06,47.4736111,-94.88
1984,12/2/00,47.9033333,-91.8669444
1984,2/18/01,46.7216667,-92.4591667
1984,6/9/09,44.7677778,-93.2775
1983,2/18/01,44.5625,-92.5336111
1983,2/14/10,44.8422222,-92.9911111
1983,4/8/02,44.98,-93.2636111
1982,10/10/11,46.8766667,-96.7030556
1982,10/31/08,44.7677778,-93.2775
1981,7/4/12,44.8897222,-93.3497222
1981,11/21/10,44.8927778,-93.0347222
1981,11/2/99,43.7647222,-95.8269444
1980,4/28/01,44.9444444,-93.0930556
1980,8/16/02,45.6855556,-92.9652778
1980,3/19/09,46.9494444,-91.7788889
1980,12/12/09,44.9444444,-93.0930556
1980,4/27/04,45.2333333,-93.2911111
1980,12/20/12,45.5608333,-94.1622222
1979,12/20/12,47.4736111,-94.88
1979,7/5/05,45.0655556,-93.2016667
1979,11/28/07,44.8277778,-92.9436111
1979,8/10/99,44.9444444,-93.0930556
1978,8/5/09,45.5113889,-92.98
1978,9/29/02,44.0216667,-92.4697222
1978,12/20/12,44.8897222,-93.3497222
1978,1/11/02,45.1969444,-96.0194444
1977,2/14/08,45.0883333,-93.7341667
1977,10/31/03,44.98,-93.2636111
1977,4/16/05,44.98,-93.2636111
1976,3/21/03,47.4625,-92.5397222
1976,4/27/04,44.9444444,-93.0930556
1976,8/5/01,46.4541667,-92.7616667
1976,9/1/04,45.0061111,-93.1563889
1976,4/26/99,45.8261111,-92.9683333
1976,7/16/03,48.7005556,-96.1813889
1975,8/24/04,45.2461111,-93.4519444
1975,6/12/08,43.6522222,-94.4608333
1975,1/10/09,46.3580556,-94.2005556
1975,3/19/09,47.93,-97.0241667
1975,4/2/99,46.3580556,-94.2005556
1975,4/16/05,44.98,-93.2636111
1975,7/5/08,44.98,-93.2636111
1975,4/16/05,44.0005556,-96.3172222
1974,12/7/06,46.4736111,-93.8986111
1974,5/13/03,46.2630556,-95.5366667
1974,11/8/03,44.98,-93.2636111
1974,3/4/08,43.6666667,-92.9744444
1972,1/7/00,44.5513889,-94.9841667
1971,5/24/05,45.5608333,-94.1622222
1969,12/23/02,44.9133333,-93.5030556
1969,2/18/01,46.3580556,-94.2005556
1969,11/26/03,46.5180556,-95.3758333
1968,12/2/00,44.7433333,-92.8522222
1968,3/31/08,46.3580556,-94.2005556
1968,9/4/03,45.3363889,-92.9969444
1968,10/31/03,44.9444444,-93.0930556
1968,12/12/09,46.7833333,-92.1063889
1967,4/16/05,44.98,-93.2636111
1967,6/18/04,43.8455556,-92.1888889
1967,6/20/12,46.7180556,-94.4038889
1967,2/14/10,44.9444444,-93.0930556
1966,8/1/03,46.7833333,-92.1063889
1966,11/21/10,48.6011111,-93.4108333
1965,1/28/99,44.98,-93.2636111
1963,6/18/04,43.6480556,-93.3680556
1960,11/21/10,44.7677778,-93.2775
1960,3/16/00,44.9444444,-93.0930556
1959,1/17/04,44.98,-93.2636111
1959,12/16/05,44.98,-93.2636111
1958,3/16/00,44.9444444,-93.0930556
1957,3/16/00,44.9444444,-93.0930556
1957,4/16/05,44.9444444,-93.0930556
1956,5/10/04,44.6102778,-93.0019444
1955,5/24/99,47.5216667,-95.3980556
1952,12/12/11,46.63,-95.0886111
1949,11/21/10,44.9033333,-93.5661111
1947,4/16/05,44.98,-93.2636111
1947,4/2/99,44.05,-91.6391667